"","lat","lon","lugar"
"1",-99.2255347,19.4663103,"360E VENUE"
"2",-99.8994477,16.8799488,"7 17 ACAPULCO DIAMANTE"
"3",-98.1665724,19.0761071,"ACROPOLIS PUEBLA"
"4",-99.2051257,19.4399445,"ACUARIO INBURSA"
"5",-99.9698446,20.6239856,"AERODROMO ISAAC CASTRO SAHADE"
"6",-98.1368914,18.9372057,"AFRICAM SAFARI"
"7",-99.1644917,19.4249582,"AFROCARIBE"
"8",-99.2760098,19.3606834,"ALBOA SANTA FE"
"9",-100.3641033,25.6280831,"ALPINO CHIPINQUE"
"10",-123.0390101,44.9405316,"AMADEUS"
"11",NA,NA,"ANFITEATRO DE MINA DE RAYAS"
"12",NA,NA,"ANTIGUO PATIO DE RELACIONES INDUSTRIALES"
"13",-100.3220904,25.6864139,"ARENA COLISEO"
"14",-103.3429241,20.6709248,"ARENA COLISEO GUADALAJARA"
"15",-100.3220904,25.6864139,"ARENA COLISEO MONTERREY"
"16",-100.3220904,25.6864139,"ARENA JOSE SULAIMAN"
"17",-99.1520134,19.4245736,"ARENA MEXICO"
"18",-98.1980182,19.038549,"ARENA PUEBLA"
"19",-100.297779,25.6756629,"ARENA SANTA LUCIA"
"20",-99.2838496,18.6142558,"ARENA TEQUES"
"21",-103.2636293,20.4671712,"ARENA VFG"
"22",-99.173646,19.412118,"ARIA CONDESA"
"23",-99.171978,19.412694,"ARTIC BAR"
"24",-99.1707035,19.4084428,"ARTSPACEMEXICO"
"25",-116.937714,32.495388,"AUDIORAMA EL TROMPO"
"26",-103.348478,20.7324095,"AUDITORIO BENITO JUAREZ GUADALAJARA"
"27",-99.1686741,19.4066263,"AUDITORIO BLACKBERRY"
"28",-99.1378368,19.355331,"AUDITORIO BLAS GALINDO"
"29",-99.122097,19.4803437,"AUDITORIO CAMINO DE VIDA"
"30",-100.2808706,25.6775952,"AUDITORIO CITIBANAMEX"
"31",-110.956465,29.0733055,"AUDITORIO CIVICO DEL ESTADO DE HERMOSILLO"
"32",-99.153885,19.407724,"AUDITORIO DE LA ACADEMIA MEXICANA DE CIRUGIA"
"33",-104.8483281,21.4765453,"AUDITORIO DE LA GENTE"
"34",-100.3814607,20.6002858,"AUDITORIO DEL CENTRO UNIVERSITARIO MEXICO"
"35",-100.32571,25.643286,"AUDITORIO DEL EGADE"
"36",-115.4445718,32.6535448,"AUDITORIO DEL ESTADO"
"37",-101.2741935,21.0130076,"AUDITORIO DEL ESTADO DE GUANAJUATO"
"38",-115.4445718,32.6535448,"AUDITORIO DEL ESTADO DE MEXICALI"
"39",-43.3659798,-21.7738842,"AUDITORIO DE MINAS"
"40",-99.181934,19.3355572,"AUDITORIO FRA ANGELICO CENTRO UNIVERSITARIO CULTURAL"
"41",-101.2535395,21.0176334,"AUDITORIO GENERAL DE LA UNIVERSIDAD DE GUANAJUATO"
"42",-98.7745366,20.0920833,"AUDITORIO GOTA DE PLATA"
"43",-96.7310357,17.0687992,"AUDITORIO GUELAGUETZA"
"44",-100.2722962,25.6226881,"AUDITORIO JACALES"
"45",-100.2854429,25.6509256,"AUDITORIO LUIS ELIZONDO"
"46",NA,NA,"AUDITORIO MATEO HERRERA"
"47",-99.1949256,19.4248097,"AUDITORIO NACIONAL"
"48",-100.3166587,25.6655864,"AUDITORIO PABELLON M"
"49",-100.3822505,25.6667219,"AUDITORIO SAN PEDRO"
"50",-99.4939604,17.5290893,"AUDITORIO SENTIMIENTOS DE LA NACION"
"51",-99.154266,19.408175,"AUDITORIO SIGLO XXI"
"52",-103.381293,20.733318,"AUDITORIO TELMEX"
"53",-99.2232296,18.9311382,"AUDITORIO TEOPANZOLCO"
"54",NA,NA,"AULA MAGNA JOSE VASCONCELOS"
"55",-86.8352016,21.1047979,"AUTODROMO DE CANCUN"
"56",-100.219147,25.8603261,"AUTODROMO DE MONTERREY"
"57",-99.0895087,19.4040425,"AUTODROMO HERMANOS RODRIGUEZ"
"58",-99.1878165,19.3512894,"BABILONIA SHOW CENTER"
"59",-99.179276,19.416157,"BAJO CIRCUITO MULTIFORO URBANO"
"60",-98.985517,18.754074,"BALNEARIO EL AXOCOCHE"
"61",-98.2966414,19.0623283,"BALNEARIO EL CRISTO"
"62",13.4106971,52.5268629,"BAR BERLIN"
"63",-99.1720175,19.4127448,"BAR CARADURA"
"64",-99.1672493,19.4192562,"BAREZZITO ROMA"
"65",-99.137727,19.43139,"BAR MANCERA"
"66",-98.9989795,19.7444543,"BASE AEREA MILITAR NO 1"
"67",-101.2533437,21.0164901,"BASILICA COLEGIATA DE NUESTRA SEÑORA DE GUANAJUATO"
"68",-99.2062211,19.3330123,"BATAN PARQUE ECOLOGICO"
"69",-99.2042572,19.4417384,"BLAU LIFE LABORATORIO SUBMARINO"
"70",-109.9037061,22.8888857,"BLUE MARLIN IBIZA LOS CABOS"
"71",-103.358135,20.70119,"BMLS SHOW CENTER"
"72",-99.183244,19.440566,"BODEGA ALTOS POLANCO"
"73",-106.100472,28.6616474,"BODEGA SABINO"
"74",-95.7041049,29.0418782,"BULLDOG CAFE"
"75",-80.251725,26.0076652,"CAFE IGUANAS"
"76",-87.418375,20.231809,"CALETA TANKAH"
"77",-82.3848659,22.9770505,"CALLE2"
"78",-99.3813958,19.439539,"CAMPAMENTO BAUTISTA BETHEL"
"79",-99.1401925,19.5021596,"CAMPO BURROS BLANCOS"
"80",-82.1981061,35.0528984,"CAMPO CHEYENNES"
"81",NA,NA,"CAMPO DEPORTIVO AURELIANO"
"82",-99.2229205,19.3953443,"CAMPO DEPORTIVO ESTADO MAYOR PRESIDENCIAL"
"83",-99.1973349,19.4246091,"CAMPO MARTE"
"84",-100.3735961,25.6731777,"CAMPO SANTO TOMAS"
"85",NA,NA,"CAMPO SEAHAWKS"
"86",-99.1383222,19.5349986,"CAMPO ZACATENCO"
"87",-103.4211961,20.7048017,"CAMPUS UNICO UNIVERSIDAD AUTONOMA DE GUADALAJARA"
"88",-67.1378265,18.1828272,"CANCHAS DE CRISTAL"
"89",-86.7470411,21.1347037,"CANCUN ICC"
"90",-99.189635,19.352906,"CAPILLA GOTICA CENTRO CULTURAL HELENICO"
"91",-99.1395157,19.3888734,"CARPA ASTROS"
"92",NA,NA,"CARPA CIRCO DE LOS HORRORES MONTERREY"
"93",NA,NA,"CARPA CIRCO DE LOS HORRORES PUEBLA"
"94",NA,NA,"CARPA CIRCO DE LOS HORRORES QUERETARO"
"95",NA,NA,"CARPA DIEGO RIVERA"
"96",-99.2501577,19.3769369,"CARPA SANTA FE"
"97",NA,NA,"CARPA SHAZAM"
"98",-99.2337352,19.5154644,"CASA AVILA SATELITE"
"99",-110.9557288,29.066768,"CASA DE LA CULTURA"
"100",-100.4106354,20.5467827,"CASA DEL MINARETE"
"101",-100.3078978,25.6664636,"CASA MORELOS"
"102",-117.9202132,33.6518636,"CASA VICTORIA"
"103",-95.7650514,36.1653556,"CASINO CAMPO MARTE"
"104",-100.300133,25.784155,"CASINO ESPAÑOL"
"105",-99.1386938,19.4357116,"CASINO METROPOLITANO"
"106",-99.181935,19.4204397,"CASTILLO DE CHAPULTEPEC"
"107",-99.1330824,19.4343942,"CATEDRAL METROPOLITANA"
"108",-87.5277246,20.1875002,"CENOTE ZAMNA DOS OSOS"
"109",-103.4450357,20.6656911,"CENTRO ACUATICO SCOTIABANK"
"110",-99.222287,19.4416414,"CENTRO CITIBANAMEX"
"111",-103.4121488,20.7102782,"CENTRO COMERCIAL ANDARES"
"112",-100.3303185,25.6645758,"CENTRO CONVEX MONTERREY"
"113",-99.1978241,19.3357669,"CENTRO CULINARIO AMBROSIA"
"114",-99.1504895,19.4226791,"CENTRO CULTURAL ESTACION INDIANILLA"
"115",-99.189635,19.352906,"CENTRO CULTURAL HELENICO"
"116",-99.1047196,19.2502292,"CENTRO CULTURAL JARDIN HACIENDA LOS ANGELES"
"117",-99.2879534,19.5460808,"CENTRO CULTURAL LUIS NISHIZAWA"
"118",-99.1342872,19.4389839,"CENTRO CULTURAL MEXICO CONTEMPORANEO CCMC"
"119",-98.8980735,19.4523995,"CENTRO CULTURAL MEXIQUENSE BICENTENARIO"
"120",-99.1663767,19.3620173,"CENTRO CULTURAL ROBERTO CANTORAL"
"121",-99.1903811,19.3454184,"CENTRO CULTURAL SAN ANGEL"
"122",-100.3154942,25.6737306,"CENTRO CULTURAL TELMEX I"
"123",-99.1550767,19.4253575,"CENTRO CULTURAL TELMEX II"
"124",-101.0267302,22.1508417,"CENTRO CULTURAL UNIVERSITARIO BICENTENARIO"
"125",-98.3355905,26.0663715,"CENTRO CULTURAL Y DEPORTIVO"
"126",NA,NA,"CENTRO CULTURAL Y RECREATIVO EL CEDAZO"
"127",-100.3497116,20.5785757,"CENTRO DE CONGRESOS"
"128",-103.454912,20.7350077,"CENTRO DE CONGRESOS TEC DE MONTERREY CAMPUS GUADALAJARA"
"129",-99.8531014,16.8534278,"CENTRO DE CONVENCIONES ACAPULCO"
"130",-102.323463,21.8615286,"CENTRO DE CONVENCIONES ISLA SAN MARCOS"
"131",-100.316725,25.6660527,"CENTRO DE CONVENCIONES PABELLON M"
"132",-98.191289,19.0442404,"CENTRO DE CONVENCIONES PUEBLA"
"133",-99.2046163,19.5371663,"CENTRO DE CONVENCIONES TLALNEPANTLA"
"134",-99.1397365,19.4553577,"CENTRO DE CONVENCIONES TLATELOLCO"
"135",-93.0811015,16.7518117,"CENTRO DE CONVENCIONES Y POLYFORUM TUXTLA"
"136",NA,NA,"CENTRO DE ESPECTACULOS EL DESVAN"
"137",-99.2038666,19.4413749,"CENTRO DE EXPOSICIONES PLAZA CARSO"
"138",-106.0743439,28.6540991,"CENTRO DE EXPOSICIONES Y CONVENCIONES CHIHUAHUA"
"139",-99.1792793,19.4265569,"CENTRO DEPORTIVO CHAPULTEPEC"
"140",-99.5568439,19.3654834,"CENTRO DINAMICO PEGASO TOLUCA"
"141",NA,NA,"CENTRO ECOTURISTICO BETHEL"
"142",-115.485549,32.651277,"CENTRO ESTATAL DE LAS ARTES"
"143",-98.1809229,19.0563954,"CENTRO EXPOSITOR Y DE CONVENCIONES PUEBLA"
"144",-99.1526674,19.4098794,"CENTRO MEDICO SIGLO XXI"
"145",-99.1541272,19.4083176,"CENTRO MEDICO SIGLO XXI AUDITORIO 1 UNIDAD DE CONGRESOS"
"146",-99.1541272,19.4083176,"CENTRO MEDICO SIGLO XXI AUDITORIO 5 UNIDAD DE CONGRESOS"
"147",NA,NA,"CENTRO PEGASO DE TENIS"
"148",-87.1047025,20.6729153,"CHANOLANDIA PLAYA DEL CARMEN"
"149",-103.3586628,20.6749866,"CINE FORO UNIVERSIDAD"
"150",-100.325846,25.6675454,"CINEMA RIO 70"
"151",-100.9730555,22.1504524,"CINETECA ALAMEDA"
"152",-99.1647486,19.3605546,"CINETECA NACIONAL"
"153",-100.2879763,25.6781236,"CINTERMEX"
"154",-110.9943706,29.0854764,"CIRCO DE LAS PESADILLAS"
"155",-116.6162229,31.853964,"CIRCO DE LAS PESADILLAS ENSENADA"
"156",-110.9943706,29.0854764,"CIRCO DE LAS PESADILLAS MEXICALI"
"157",-110.9943706,29.0854764,"CIRCO DE LAS PESADILLAS SALTILLO"
"158",-110.9943706,29.0854764,"CIRCO DE LAS PESADILLAS TIJUANA"
"159",-99.1257649,19.4061119,"CIRCO VOLADOR"
"160",-103.283696,20.6351885,"CIRCUITO ELITE SP 5K ELITE SP GYM AND POOL"
"161",NA,NA,"CIRCUITO VIVE TU CIUDAD"
"162",-86.9663881,20.768422,"CIRQUE DU SOLEIL RIVIERA MAYA"
"163",-115.4470637,32.655105,"CIUDAD DEPORTIVA"
"164",-99.189635,19.352906,"CLAUSTRO DEL INSTITUTO CULTURAL HELENICO"
"165",-99.1361413,19.4264926,"CLAUSTRO DE SOR JUANA"
"166",-99.1392431,19.2786311,"CLUB ALEMAN DE MEXICO"
"167",-13.6511452,28.9232299,"CLUB ATLANTICO"
"168",-103.4025069,20.7143976,"CLUB ATLAS COLOMOS"
"169",-99.143407,19.346586,"CLUB CAMPESTRE CIUDAD DE MEXICO"
"170",-99.1276964,19.208589,"CLUB CAMPESTRE MONTE SUR"
"171",-99.2386439,19.4342719,"CLUB DE GOLF CHAPULTEPEC"
"172",-99.1594693,19.279304,"CLUB DE GOLF MEXICO"
"173",-103.4234337,20.5794407,"CLUB HIPICO LOS ALAMITOS"
"174",-100.3672645,20.5921003,"CLUB LATINO QUERETARO"
"175",-100.3632061,25.6370136,"CLUB MEXICO PALESTINO LIBANES"
"176",-122.5010565,38.3136734,"CLUB SONOMA"
"177",-64.4405782,18.4438377,"COCO MAYA"
"178",-99.1308634,19.436341,"COLEGIO DE SAN ILDELFONSO"
"179",-99.2535406,19.4286559,"COLEGIO MIRAFLORES"
"180",-103.4029581,25.5891348,"COLISEO CENTENARIO"
"181",-103.3918941,20.6998311,"COMPLEJO DE PELOTA VASCA"
"182",-97.50083,25.88633,"CONCHA ACUSTICA"
"183",-99.206661,19.432211,"CONSERVATORIO NACIONAL DE MUSICA"
"184",-103.209085,20.621056,"CORTIJO LOS FERNANDEZ"
"185",-109.8939734,22.9133645,"DELMAR INTERNATIONAL SCHOOL"
"186",-117.0462712,32.5399825,"DEPORTIVO BENITO JUAREZ"
"187",-99.2229205,19.3953443,"DEPORTIVO LOMAS ALTAS"
"188",-99.2855667,19.3639264,"DEPORTIVO MORELOS CUAJIMALPA"
"189",-99.0793858,19.4511362,"DEPORTIVO OCEANIA"
"190",-98.9894128,19.6926917,"DEPORTIVO SIERRA HERMOSA"
"191",-118.3241134,34.047775,"DER BUNKER CLUB"
"192",-103.391245,20.654145,"DESFILIA EXPO GUADALAJARA"
"193",-101.6561399,21.1155523,"DOMO DE LA FERIA LEON"
"194",NA,NA,"DOM SATELITE"
"195",-83.3715398,32.6150745,"DOPPLER"
"196",-74.069181,41.154624,"D VAR"
"197",-99.1987511,19.335885,"EL CUEVON ESCENARIA"
"198",-99.1257706,19.3026438,"EL CUEVON PERICOAPA"
"199",-100.9519234,22.1081968,"EL DOMO CENTRO DE ESPECTACULOS SAN LUIS POTOSI"
"200",-117.035617,32.528661,"EL FORO ANTIGUO PALACIO JAI ALAI"
"201",-95.4417784,30.0182601,"EL IMPERIAL"
"202",-99.1719522,19.4132032,"EL PLAZA CONDESA"
"203",-87.0322836,20.6919135,"EL PUEBLITO MAYAKOBA"
"204",-87.0120621,20.8604961,"EL REY POLO COUNTRY CLUB"
"205",-99.0451882,19.4930485,"EL TELON ECATEPEC"
"206",-99.2082102,19.6600539,"EL TELON IZCALLI"
"207",NA,NA,"EL TRASNOCHE"
"208",-99.1009417,19.2599676,"EMBARCADERO BELEM"
"209",-99.1021717,19.2868859,"EMBARCADERO DE CUEMANCO"
"210",-99.1081683,19.2647409,"EMBARCADERO FERNANDO CELADA"
"211",-99.0942601,19.2504351,"EMBARCADERO LAS FLORES NATIVITAS"
"212",-99.093284,19.2526245,"EMBARCADERO NUEVO NATIVITAS"
"213",-99.1325961,19.2955707,"ESCANDALO LATINO ACOXPA"
"214",-116.496335,33.838673,"ESCENA"
"215",-100.3805396,25.6667737,"ESCUELA DE ARTES MUSICALES"
"216",NA,NA,"ESPECTRO ELECTROMAGNETICO"
"217",NA,NA,"ESPEJILLOS CLUB"
"218",-73.7030967,41.0690937,"ESTACIONAMIENTO"
"219",-99.1962931,19.6713977,"ESTACIONAMIENTO DEL CHANGO IZCALLI"
"220",-103.4161398,20.6935202,"ESTADIO 3 DE MARZO GUADALAJARA"
"221",-99.1921449,18.655145,"ESTADIO AGUSTIN CORUCO DIAZ"
"222",-86.838174,21.15071,"ESTADIO ANDRES QUINTANA ROO"
"223",-99.1505277,19.3028607,"ESTADIO AZTECA"
"224",-99.1782654,19.3834469,"ESTADIO AZUL"
"225",-100.1807681,25.6549654,"ESTADIO BBVA BANCOMER"
"226",-86.836738,21.152452,"ESTADIO BEISBOL BETO AVILA"
"227",-106.4579292,31.735002,"ESTADIO BEISBOL CANALES LIRA"
"228",-103.3815086,20.7274784,"ESTADIO BEISBOL CHARROS"
"229",-98.1649268,19.074998,"ESTADIO BEISBOL HERMANOS SERDAN"
"230",-89.5959829,20.9413276,"ESTADIO BEISBOL KUKULKAN"
"231",-100.3154111,25.7181121,"ESTADIO BEISBOL MONTERREY"
"232",-116.9934082,32.5068213,"ESTADIO CALIENTE"
"233",NA,NA,"ESTADIO CARILLON"
"234",-103.4626455,20.6817764,"ESTADIO CHIVAS"
"235",-99.2299251,19.6415349,"ESTADIO CIRCUITO ESCOLAR DEL LAGO CUAUTITLAN"
"236",-100.3662746,20.5776763,"ESTADIO CORREGIDORA"
"237",-96.9288591,19.5240482,"ESTADIO CRISTOBAL COLON XALAPA"
"238",-116.916987,32.4830002,"ESTADIO DE LA UNIVERSIDAD ANAHUAC"
"239",-99.8144,16.789367,"ESTADIO FAIRMONT ACAPULCO"
"240",-100.9791106,25.4337023,"ESTADIO FRANCISCO I MADERO"
"241",-102.5494176,22.7663718,"ESTADIO FRANCISCO VILLA"
"242",-99.1088462,19.4103408,"ESTADIO FRAY NANO"
"243",-98.7563288,20.105186,"ESTADIO HIDALGO"
"244",-99.2251253,19.6480843,"ESTADIO HUGO SANCHEZ"
"245",-103.3281769,20.7049947,"ESTADIO JALISCO"
"246",-99.095006,19.407648,"ESTADIO JESUS MARTINEZ PALILLO"
"247",-99.2645967,19.5071492,"ESTADIO JOSE ORTEGA MARTINEZ"
"248",-96.1250211,19.1642559,"ESTADIO LUIS PIRATA FUENTE"
"249",-99.6666804,19.2873199,"ESTADIO NEMESIO DIEZ"
"250",-99.1921777,19.3319125,"ESTADIO OLIMPICO UNIVERSITARIO"
"251",-103.4626455,20.6817764,"ESTADIO OMNILIFE"
"252",NA,NA,"ESTADIO PROSPERO CAHUANTZI TLAXCALA"
"253",-101.355436,20.684406,"ESTADIO SERGIO LEON CHAVEZ"
"254",-111.0509106,29.0629813,"ESTADIO SONORA"
"255",-103.3470942,20.6631492,"ESTADIO SUTAJ TLAQUEPAQUE"
"256",-100.2864139,25.6522744,"ESTADIO TECNOLOGICO DE MONTERREY"
"257",-103.3815086,20.7274784,"ESTADIO TELMEX DE ATLETISMO"
"258",-100.3120225,25.7225198,"ESTADIO UNIVERSITARIO"
"259",-99.6762522,19.2849387,"ESTADIO UNIVERSITARIO ALBERTO CHIVO CORDOBA"
"260",-100.3120225,25.7225198,"ESTADIO UNIVERSITARIO DE MONTERREY"
"261",-102.2755158,21.8806453,"ESTADIO VICTORIA DE AGUASCALIENTES"
"262",-99.1385581,19.5018761,"ESTADIO WILFRIDO MASSIEU"
"263",-99.165656,19.411819,"EVE CONDESA"
"264",-82.2886027,34.8176949,"EVENTO ONLINE"
"265",-99.1339408,19.4911323,"EXA LIVE"
"266",-99.0690332,19.4119111,"EX BALNEARIO OLIMPICO"
"267",-99.1275646,19.4295393,"EX CONVENTO DE LA MERCED"
"268",NA,NA,"EX HACIENDA SAN ANTONIO BATA"
"269",-101.2742299,21.0088374,"EX HACIENDA SAN GABRIEL BARRERA"
"270",-99.239279,19.5503928,"EXPLANADA ADOLFO LOPEZ MATEOS"
"271",-101.2578347,21.0187971,"EXPLANADA DE LA ALHONDIGA DE GRANADITAS"
"272",-99.1505277,19.3028607,"EXPLANADA DEL ESTADIO AZTECA"
"273",-98.246752,19.325399,"EXPLANADA DEL RECINTO FERIAL DE TLAXCALA"
"274",NA,NA,"EXPLANADA PUERTA 9 CD DEPORTIVA MAGDALENA MIXHIUCA"
"275",-99.2117024,19.4200439,"EXPLANADA SANTA FE"
"276",-99.26267,19.363678,"EXPO BANCOMER"
"277",-110.9605916,29.0467395,"EXPOFORUM"
"278",NA,NA,"EXPO FORUM TOLUCA"
"279",-103.391764,20.6529143,"EXPO GUADALAJARA"
"280",-99.772215,16.768768,"EXPO IMPERIAL"
"281",-99.1517123,19.4329935,"EXPO REFORMA"
"282",-99.26267,19.363678,"EXPO SANTA FE"
"283",-99.1306442,19.4339833,"EX TERESA ARTE ACTUAL"
"284",-99.2038157,19.43926,"FAT CROW"
"285",-104.6095218,23.9911784,"FERIA NACIONAL DE DURANGO"
"286",-99.0539221,19.4497091,"FIELD 8 CUIDAD DEPORTIVA"
"287",-99.044681,19.49678,"FIESTA LATINA CENTRO DE ESPECTACULOS"
"288",-103.4599304,20.7137446,"FLORIDA EVENTOS"
"289",-99.1852221,19.3548784,"FORO 18 69"
"290",-103.3762546,20.7322038,"FORO ALTERNO"
"291",-103.3811124,20.73534,"FORO ALTERNO DEL CENTRO CULTURAL UNIVERSITARIO"
"292",-99.1434773,19.3564075,"FORO ANTONIO LOPEZ MANCERA"
"293",-99.137111,19.4372164,"FORO A POCO NO"
"294",-99.2229135,19.4352175,"FORO CORONA"
"295",NA,NA,"FORO COYOACANENSE"
"296",-99.179039,19.4257267,"FORO CULTURAL CHAPULTEPEC"
"297",-99.1500225,19.4383286,"FORO CULTURAL HILVANA"
"298",-103.3479625,20.6998941,"FORO DE ARTE Y CULTURA"
"299",-103.3918475,20.6543265,"FORO DE LA EXPO GUADALAJARA"
"300",-110.9586716,29.0812572,"FORO DE LAS ARTES"
"301",-99.2388948,18.9214694,"FORO DEL LAGO DEL CENTRO CULTURAL JARDIN BORDA"
"302",NA,NA,"FORO DRAGON FIRE"
"303",-99.139879,19.356579,"FORO EXPERIMENTAL BLACK BOX DEL CENART"
"304",-103.3478926,20.666407,"FORO INDEPENDENCIA"
"305",-99.1561722,19.4166513,"FORO INDIE ROCKS"
"306",-99.163743,19.422089,"FORO INSURGENTES"
"307",NA,NA,"FORO LA CAJA"
"308",-99.189635,19.352906,"FORO LA GRUTA CENTRO CULTURAL HELENICO"
"309",-99.1567287,19.4299776,"FORO LUCERNA"
"310",-99.1977953,19.432346,"FORO MASARYK"
"311",-99.2394161,19.4875098,"FORO NORTE"
"312",NA,NA,"FORO ODEON CENTRO CULTURAL ROYAL"
"313",-99.201285,19.436768,"FORO POLANCO"
"314",-99.1526529,19.4344014,"FORO REFORMA"
"315",-99.1502779,19.3512931,"FORO RODOLFO USIGLI"
"316",-99.176641,19.4194399,"FORO SHAKESPEARE"
"317",NA,NA,"FORO SIDRAL AGA"
"318",-99.0956283,19.4051591,"FORO SOL"
"319",-99.1767991,19.4156823,"FORO SYLVIA PASQUEL"
"320",-99.1633782,19.3567415,"FORO VIENA"
"321",-80.135139,26.225152,"FORUM BEACH"
"322",-99.772287,16.770949,"FORUM MUNDO IMPERIAL"
"323",-99.2159254,19.4554193,"FOTO MUSEO CUATRO CAMINOS"
"324",-100.3553044,25.6832298,"FOUR POINTS BY SHERATON GALERIAS MONTERREY"
"325",-99.19363,19.430326,"FUNDACION MIGUEL ANGEL CORNEJO"
"326",-100.3045843,25.7882607,"GENERAL SHOW CENTER"
"327",-99.1547827,19.3599655,"GIMNASIO JUAN DE LA BARRERA"
"328",-98.1621641,19.0754537,"GIMNASIO MIGUEL HIDALGO"
"329",-100.3518944,25.7042538,"GIMNASIO NUEVO LEON"
"330",-99.1429686,19.3435297,"GRAN FORUM"
"331",-99.225201,19.4358987,"GRANJA LAS AMERICAS"
"332",-99.1439385,19.4194091,"GRAN SALON CENTRAL"
"333",-99.2078136,19.5368159,"GRAN SALON VICTORIA"
"334",-99.2013028,19.4369741,"GRAN TEATRO MOLIERE"
"335",-89.6545464,21.0050717,"HACIENDA CHENKU"
"336",-89.716357,20.943344,"HACIENDA SAN DIEGO TIXCACAL"
"337",-105.4121769,20.8952169,"HACIENDA SAN PANCHO"
"338",-86.770498,21.0894911,"HARD ROCK HOTEL CANCUN"
"339",-87.21539,20.506925,"HARD ROCK HOTEL RIVIERA MAYA"
"340",-105.2970837,20.6972142,"HARD ROCK HOTEL VALLARTA"
"341",-99.2215257,19.4363916,"HIPODROMO DE LAS AMERICAS"
"342",-99.2776224,19.3615813,"HOOKAH SANTA FE"
"343",-99.2222393,19.7132933,"HOSTERIA DEL CONVENTO DE TEPOZOTLAN"
"344",-99.0766788,18.9847758,"HOTEL BUENA VIBRA"
"345",-122.1200856,37.4073114,"HOTEL CAMINO REAL"
"346",NA,NA,"HOTEL CAMINO REAL SALON VIRREYES"
"347",-103.3837752,20.7139111,"HOTEL COUNTRY PLAZA"
"348",-99.1568219,19.4325018,"HOTEL DE LEYENDAS VICTORIA"
"349",-118.2606497,34.0497751,"HOTEL DOWNTOWN"
"350",-100.3893086,20.615497,"HOTEL FIESTA AMERICANA QUERETARO"
"351",-100.9220089,22.1267507,"HOTEL FIESTA INN GLORIETA JUAREZ"
"352",-99.164169,19.425143,"HOTEL GENEVE"
"353",-86.7450309,21.1358348,"HOTEL GRAND FIESTA AMERICANA CORAL BEACH CANCUN"
"354",-103.389741,20.6539208,"HOTEL HILTON GUADALAJARA"
"355",-99.1463663,19.4350018,"HOTEL HILTON MEXICO REFORMA"
"356",-103.345988,20.674963,"HOTEL HOLIDAY INN GUADALAJARA"
"357",-100.2888295,25.6761681,"HOTEL HOLIDAY INN PARQUE FUNDIDORA"
"358",-99.2529023,19.3863262,"HOTEL LIVE AQUA URBAN RESORT MEXICO"
"359",-99.1736456,19.4249008,"HOTEL MARQUIS REFORMA"
"360",-116.9992365,32.5116752,"HOTEL MARRIOT TIJUANA"
"361",-103.3499974,20.6634989,"HOTEL MISION CARLTON"
"362",-100.3110021,25.6668531,"HOTEL MONTERREY MACROPLAZA"
"363",-86.8402626,20.9874037,"HOTEL MOON PALACE CANCUN"
"364",-70.760005,43.073994,"HOTEL NH"
"365",-103.4038225,20.650384,"HOTEL PRESIDENTE INTERCONTINENTAL GUADALAJARA"
"366",-98.2210077,19.0603489,"HOTEL PRESIDENTE INTERCONTINENTAL PUEBLA"
"367",-99.8144,16.789367,"HOTEL PRINCESS MUNDO IMPERIAL"
"368",-115.4861244,32.6638232,"HOTEL REFORMA"
"369",-105.315008,20.7340663,"HOTEL SAMBA VALLARTA"
"370",-83.074568,42.370086,"HOTEL ST REGIS"
"371",-122.5033364,47.2334759,"HOTEL ST REGIS SALON DIAMOND"
"372",-99.195374,19.42728,"HOTEL W CIUDAD DE MEXICO"
"373",-87.62913,41.888233,"HOUSE OF BLUES"
"374",-99.1715022,19.2807134,"ICEDOME"
"375",-99.5504639,27.4718948,"IGLESIA DE SANTO DOMINGO"
"376",-99.2215257,19.4363916,"INFIELD DEL HIPODROMO DE LAS AMERICAS"
"377",-103.3373288,20.6769024,"INSTITUTO CULTURAL CABAÑAS"
"378",-103.4155404,20.6072093,"INSTITUTO TECNOLOGICO Y DE ESTUDIOS SUPERIORES DE OCCIDENTE"
"379",-112.0774451,27.2153431,"ISLA SAN MARCOS"
"380",-99.1845784,19.4208475,"ISLETA MENOR BOSQUE DE CHAPULTEPEC"
"381",-99.135174,19.2834308,"ITESM CAMPUS CIUDAD DE MEXICO"
"382",-99.2291297,19.5931932,"ITESM CAMPUS ESTADO DE MEXICO"
"383",-103.454912,20.7350077,"ITESM CAMPUS GUADALAJARA"
"384",-98.853848,19.695174,"JARDIN DE LAS CACTACEAS"
"385",-99.2909161,18.6084421,"JARDINES DE MEXICO"
"386",-100.3715708,25.6721337,"JARDIN TREBOL"
"387",-99.1999108,19.4431923,"JOSE CUERVO SALON"
"388",-121.4750371,38.4083082,"JOY CITY"
"389",-80.0421842,26.7172193,"JOY ROOM"
"390",-99.1884997,19.3468947,"LA BIPO SAN ANGEL"
"391",-99.1462558,19.4364319,"LABORATORIO ARTE ALAMEDA"
"392",-71.5251241,-16.4044171,"LABORATORIO TOM"
"393",-100.3850391,25.6517464,"LA CAÑADA CAMPESTRE DE MONTAÑA"
"394",-98.6064602,29.6041243,"LA CANTERA"
"395",-99.1773164,19.3780228,"LA CASA DE LOS COMEDIANTES"
"396",-100.2448268,25.7330204,"LA CASA DEL TERROR"
"397",-100.2740325,25.6245719,"LA CASA DE OSCAR BURGOS SUCURSAL REVOLUCION"
"398",-100.3659279,20.5889005,"LA CASONA DEL ARBOL TEATRO BAR"
"399",-100.3062062,25.6703314,"LA CASONA DE SANTA LUCIA"
"400",-99.1257333,19.302731,"LA CHISMOSA PERICOAPA"
"401",-99.1779869,19.3759405,"LA COMANDANCIA LIVE"
"402",-96.1723085,19.1987428,"LA GAVIOTA VERACRUZ"
"403",-103.5347643,20.734555,"LA GOTERA"
"404",-87.9883786,41.9327517,"LA MAGDALENA"
"405",-99.1503574,19.3846092,"LA MARAKA"
"406",105.9433723,15.2166292,"LA NO 20"
"407",-99.6676366,19.2869164,"LA PATRONA TOLUCA"
"408",-101.7321782,21.1459868,"LA PUERTA DE ALCALA LEON"
"409",-99.197653,19.432315,"LA PUERTA DE ALCALA POLANCO"
"410",-99.23289,19.513114,"LA PUERTA DE ALCALA SATELITE"
"411",-89.6183593,20.9838156,"LA QUINTA MONTES MOLINA"
"412",-99.34299,19.371761,"LAS CABALLERIZAS HUIXQUILUCAN"
"413",-77.5816621,0.8054991,"LAS LAJAS"
"414",-100.3545894,25.6707792,"LAS LOMAS EVENTOS"
"415",-70.7593929,-33.431458,"LAS PRADERAS SANTIAGO"
"416",-109.908409,22.889868,"LAS VARITAS CABO"
"417",-110.3148901,24.1625146,"LAS VARITAS LA PAZ"
"418",-99.0452591,19.4929357,"LIBELULA SOUND STATION"
"419",-99.2139422,19.3992616,"LIENZO CHARRO DE CONSTITUYENTES"
"420",-100.3576055,25.7218573,"LIENZO CHARRO EL ROBLE"
"421",-100.2219978,25.8135451,"LIENZO CHARRO SANTA ROSA"
"422",-88.2133255,20.6951185,"LIENZO CHARRO VALLADOLID"
"423",-86.8140261,21.2624724,"LIMELIGHT THEATRE DREAMS PLAYA MUJERES GOLF AND RESORT"
"424",-86.692024,36.472497,"LIVE STAGE"
"425",-95.8451575,36.2861909,"LONE STAR"
"426",-107.3039144,24.5969667,"LOS CASCABELES"
"427",-99.1954426,19.4246453,"LUNARIO DEL AUDITORIO NACIONAL"
"428",-99.1715533,19.3954016,"MAMBO CAFE MEXICO"
"429",-87.06508,20.631377,"MAMITAS BEACH CLUB"
"430",-100.3256651,25.6474208,"MANDELA SEAFOOD BAR"
"431",-77.996492,40.829982,"MATILDA CLUB"
"432",NA,NA,"MERCANCIAS Y PRODUCTOS"
"433",-116.626371,31.9253,"MESON DE SAN ANTONIO"
"434",-101.2540652,21.0159231,"MESON DE SAN ANTONIO EL TRASNOCHE"
"435",NA,NA,"MEXIMM MEXICO INTERNATIONAL MUSIC MARKET"
"436",-122.376869,47.743391,"MILLER GARDEN"
"437",-101.2591869,21.0325788,"MINA EL NOPAL"
"438",-99.1800913,19.3829393,"MONUMENTAL PLAZA DE TOROS MEXICO"
"439",-86.8402626,20.9874037,"MOON PALACE ARENA"
"440",-99.1542014,19.4215755,"MULTIFORO ALICIA"
"441",-99.1679734,19.2920557,"MULTIFORO TLALPAN"
"442",-100.2158788,25.5297892,"MUNDO DE ADEVERAS"
"443",-99.7743666,16.7686648,"MUNDO IMPERIAL"
"444",-99.1321387,19.4292369,"MUSEO DE LA CIUDAD DE MEXICO"
"445",-101.6846329,21.1216702,"MUSEO DE LAS ENTIDADES LEONESAS"
"446",-99.1412,19.4352,"MUSEO DEL PALACIO DE BELLAS ARTES"
"447",-99.1430169,19.4370914,"MUSEO FRANZ MAYER"
"448",-101.2520466,21.0144972,"MUSEO ICONOGRAFICO DEL QUIJOTE"
"449",-99.1862786,19.4260032,"MUSEO NACIONAL DE ANTROPOLOGIA E HISTORIA"
"450",-99.1393326,19.4362079,"MUSEO NACIONAL DE ARTE"
"451",-99.2047001,19.4406926,"MUSEO SOUMAYA"
"452",-100.284807,25.6796677,"NAVE LEWIS"
"453",-99.3032743,19.3058148,"NAVE MAYOR EXCONVENTO DEL DESIERTO DE LOS LEONES"
"454",NA,NA,"NECRO CLUB"
"455",-74.0009,40.72967,"NEW YORK ON ICE"
"456",-99.1546549,19.4311971,"NUEVO TEATRO SILVIA PINAL ANTES DIEGO RIVERA"
"457",-119.0184342,35.3778233,"NUVO CLUB"
"458",-112.0645259,33.5250138,"OTRO"
"459",-99.0999516,19.4040754,"PABELLON CUERVO PALACIO DE LOS DEPORTES"
"460",-99.0998646,19.4053359,"PABELLON DEL PALACIO DE LOS DEPORTES"
"461",-100.3166587,25.6655864,"PABELLON M"
"462",-99.1412,19.4352,"PALACIO DE BELLAS ARTES"
"463",-82.455278,23.087778,"PALACIO DE CONVENCIONES"
"464",-99.1333871,19.437805,"PALACIO DE LA ANTIGUA ESCUELA DE MEDICINA"
"465",-103.4303006,20.726026,"PALACIO DE LA CULTURA Y LA COMUNICACION"
"466",-99.0998646,19.4053359,"PALACIO DE LOS DEPORTES"
"467",-87.0721385,20.62794,"PALAZZO DISCO PLAYA DEL CARMEN"
"468",-92.9511254,18.0053487,"PALENQUE DEL PARQUE TABASCO"
"469",-102.2556774,21.8629303,"PALENQUE SOL AGUASCALIENTES"
"470",-98.5992172,29.6083941,"PALLADIUM"
"471",-103.3540918,20.6908465,"PANTEON DE MEZQUITAN"
"472",-99.1947372,19.4116523,"PAPALOTE MUSEO DEL NIÑO"
"473",-100.1369959,19.9044145,"PARQUE ACUATICO TEPETONGO"
"474",-98.7683877,20.0981944,"PARQUE BEN GURION"
"475",-100.1678746,25.4324833,"PARQUE CIELO MAGICO"
"476",-100.3298856,25.6468418,"PARQUE DIEGO RIVERA"
"477",-99.20121,19.713101,"PARQUE ECOLOGICO XOCHITLA"
"478",-99.2448563,19.2535069,"PARQUE EJIDAL SAN NICOLAS TOTOLAPAN"
"479",-100.3172304,25.7211609,"PARQUE FERROCARRILERO"
"480",-100.2843011,25.6787037,"PARQUE FUNDIDORA MONTERREY"
"481",-103.4382713,20.6712083,"PARQUE METROPOLITANO DE GUADALAJARA"
"482",-103.315249,20.5740755,"PARQUE MONTENEGRO"
"483",-99.1127798,18.7310379,"PARQUE NATURAL LAS ESTACAS"
"484",-99.2408425,19.4930836,"PARQUE NAUCALLI"
"485",-99.8453608,16.8542831,"PARQUE PASEO JUAREZ EL LLANO"
"486",-92.9613091,18.0062267,"PARQUE TABASCO"
"487",-97.3729754,20.4315683,"PARQUE TEMATICO TAKILHSUKUT"
"488",-92.9388612,17.9973759,"PARQUE TOMAS GARRIDO"
"489",-103.3970859,20.6546629,"PARQUE TRASLOMA"
"490",-77.0313487,-12.0541469,"PARQUE UNIVERSITARIO"
"491",-99.1936422,19.3014672,"PARROQUIA LA ESPERANZA DE MARIA EN LA RESURRECCION DEL SEÑOR"
"492",-99.137433,19.4329,"PASAGUERO"
"493",-102.3799257,20.0290697,"PASEO JUAREZ EL LLANO"
"494",-103.3818079,20.7329013,"PATIO 2 DEL AUDITORIO TELMEX"
"495",-103.381293,20.733318,"PATIO DE MANIOBRAS DEL AUDITORIO TELMEX"
"496",-99.2339605,19.5078729,"PEÑA SAPO CANCIONERO"
"497",-99.1739761,19.3946177,"PEPSI CENTER WTC"
"498",-99.2140572,19.688773,"PERROS Y BURROS LA CABAÑA IZCALLI"
"499",-98.1956787,19.0426507,"PINACOTECA DEL TEMPLO DE LA COMPAÑIA"
"500",-98.8716361,19.6860799,"PIRAMIDES DE TEOTIHUACAN"
"501",-99.239188,19.485893,"PISTA DE HIELO LOMAS VERDES"
"502",-99.2130559,19.3287707,"PISTA DE HIELO SAN JERONIMO"
"503",-100.3582019,25.6363785,"PLANETARIO ALFA"
"504",NA,NA,"PLAYA MAL PASO SAYULITA RIVIERA NAYARIT"
"505",-117.0402848,32.5357217,"PLAZA DEL BICENTENARIO"
"506",-106.4832201,31.740857,"PLAZA DE TOROS ALBERTO BALDERAS"
"507",-115.4724189,32.640389,"PLAZA DE TOROS CALAFIA"
"508",-86.8211209,21.1501932,"PLAZA DE TOROS CANCUN"
"509",-102.3024746,21.8804015,"PLAZA DE TOROS DE SAN MARCOS"
"510",-98.9141875,19.4347455,"PLAZA DE TOROS DE TEXCOCO"
"511",-101.6949099,21.0995854,"PLAZA DE TOROS LA LUZ"
"512",-117.1215363,32.5335248,"PLAZA DE TOROS LAS PLAYAS"
"513",-89.6250949,20.9853101,"PLAZA DE TOROS MERIDA"
"514",-99.1800913,19.3829393,"PLAZA DE TOROS MEXICO"
"515",-100.3160494,25.7005537,"PLAZA DE TOROS MONUMENTAL MONTERREY"
"516",-103.326287,20.702471,"PLAZA DE TOROS NUEVO PROGRESO"
"517",-100.741327,20.9118925,"PLAZA DE TOROS ORIENTE"
"518",-100.405265,20.5749189,"PLAZA DE TOROS SANTA MARIA"
"519",-99.1813939,19.298132,"PLAZA INBURSA CUICUILCO"
"520",-102.3068279,21.8749179,"PLAZA MONUMENTAL AGUASCALIENTES"
"521",-100.3160494,25.7005537,"PLAZA MONUMENTAL MONTERREY"
"522",-117.1215363,32.5335248,"PLAZA MONUMENTAL TIJUANA"
"523",-97.9364803,29.8843439,"PLAZA SAN MARCOS"
"524",-100.201453,25.6641155,"PLAZA SAN ROQUE"
"525",-101.2794962,20.9939898,"POLIDEPORTIVO CODE 1"
"526",-103.4454256,20.6647802,"POLIDEPORTIVO METROPOLITANO DE TENIS"
"527",NA,NA,"POLIDEPORTIVO VALENTIN GOMEZ FARIAS"
"528",-86.8348399,21.1010061,"POLIFORUM BENITO JUAREZ"
"529",-101.6556841,21.1159749,"POLIFORUM DE LEON"
"530",-98.7550913,20.1082052,"POLIFORUM JOSE MARIA MORELOS"
"531",-122.3202544,47.6121847,"POOL GARAGE BAR"
"532",-99.2005179,19.3119862,"PREDIO ATLACOLIGIA"
"533",NA,NA,"PREDIO ESTRELLON"
"534",-99.1894558,19.4194815,"PRIMERA SECCION BOSQUE DE CHAPULTEPEC"
"535",-99.1530499,19.4298676,"PROYECTO PUBLICO PRIM"
"536",NA,NA,"P STAGE"
"537",NA,NA,"QPWZL NOVENUE"
"538",NA,NA,"QPWZL VENUE ONLY FOR TEST 46 90"
"539",-100.2618246,25.5891127,"QUINTA EL CIELO"
"540",-99.1578988,19.3958433,"RACING VIP LOUNGE"
"541",-99.203746,19.439605,"RAGGA CLUB"
"542",-99.203746,19.439605,"RAGGA MUSIC HALL"
"543",NA,NA,"RAIN BY CLASICO"
"544",-82.6303382,39.7142409,"R AND R LIVE"
"545",-103.389796,20.6793226,"RESTAURANTE ALCALDE"
"546",-103.4125419,20.7101392,"RESTAURANTE ALMACEN DEL BIFE"
"547",-99.1754857,19.2875079,"RESTAURANTE ARROYO"
"548",-103.3697616,20.6695522,"RESTAURANTE EL HUESO"
"549",-118.754871,34.144391,"RESTAURANTE LA PLATA"
"550",-3.5560148,37.1272281,"RESTAURANTE LOS CEREZOS"
"551",-103.3818978,20.6971835,"RESTAURANTE OFELIA BISTRO"
"552",-100.4378469,20.6748431,"RESTAURANTE SANTEO MAR"
"553",-103.4130513,20.7106932,"RESTAURANTE TALENTO"
"554",-84.623755,33.949475,"RESTAURANTE VINCENT"
"555",-99.1673165,19.4101571,"RIOMA CLUB"
"556",-87.1670412,20.5536295,"RIVIERA MAYA"
"557",-122.1753791,37.4331189,"ROCK SON"
"558",-99.1254269,19.3039125,"ROCK SON COAPA"
"559",-105.9987337,35.6405539,"RODEO SANTA FE"
"560",-90.115222,30.0214196,"SALA"
"561",-99.1954235,19.4241276,"SALA CCB"
"562",-99.1693514,19.4161168,"SALA CHOPIN"
"563",-99.163739,19.4220351,"SALA CORONA"
"564",-99.0915506,19.4076002,"SALA DE ARMAS"
"565",-8.002609,40.4353613,"SALA DE CAMARA"
"566",-99.141149,19.4355646,"SALA MANUEL M PONCE PALACIO DE BELLAS ARTES"
"567",-99.1844542,19.3143748,"SALA NEZAHUALCOYOTL"
"568",-100.422313,25.662034,"SALA POLIVALENTE DEL CENTRO ROBERTO GARZA SADA UDEM"
"569",-99.163739,19.4220351,"SALA PUEBLA"
"570",-99.178715,19.30269,"SALA SILVESTRE REVUELTAS"
"571",-99.1951113,19.4233806,"SALA XAVIER VILLAURRUTIA"
"572",-58.3918418,-34.5824626,"SALON DE ACTOS DE LA FACULTAD DE DERECHO"
"573",-103.381293,20.733318,"SALON DE ENSAYOS AUDITORIO TELMEX"
"574",NA,NA,"SALON DEL CONSEJO UNIVERSITARIO"
"575",NA,NA,"SALONES DE FIESTAS GAPIED PRESTIGE"
"576",-93.145339,16.742236,"SALON GLUCK CHIAPAS"
"577",-99.2261221,19.5255114,"SALON GRAN RECINTO"
"578",-118.3294377,34.0988925,"SALON LOS ANGELES"
"579",-99.6483296,19.2743224,"SALON ROJO DEL CLUB TOLUCA"
"580",-81.810165,26.388905,"SALON SHANGRI LA"
"581",-78.8817585,33.7169683,"SEÑOR FROGS CLUB BEACH"
"582",-106.4126415,31.6789201,"SEÑORIAL EVENTOS"
"583",-99.1562474,19.4327807,"SEVILLA PALACE"
"584",-100.3627682,25.6432674,"SIERRA MADRE TENNIS CLUB"
"585",-100.9920245,25.452146,"SISTEMAS"
"586",-74.4402149,40.1370678,"SIX FLAGS"
"587",-80.724627,40.071349,"SNAKE CLUB"
"588",-99.0857631,19.3820924,"SUPERMULTIPADRISIMO"
"589",NA,NA,"SWITCH BAR TERRAZA ROJA"
"590",-99.1683913,19.4168048,"TARA ROMA"
"591",-99.1506438,19.3967594,"TEATRO 11 DE JULIO"
"592",-102.291545,21.857127,"TEATRO AGUASCALIENTES"
"593",-103.3483069,20.6978499,"TEATRO ALARIFE MARTIN CASILLAS"
"594",-99.1617037,19.4381289,"TEATRO ALDAMA"
"595",-106.422611,23.19803,"TEATRO ANGELA PERALTA"
"596",-3.708205,40.421174,"TEATRO ARLEQUIN"
"597",-99.160902,19.4320454,"TEATRO BENITO JUAREZ"
"598",-101.6605338,21.1141219,"TEATRO BICENTENARIO"
"599",-99.1407423,19.438505,"TEATRO BLANQUITA"
"600",-99.1554512,19.4296366,"TEATRO CASA AMERICANA"
"601",-99.2040887,19.5389717,"TEATRO CENTENARIO"
"602",-4.4187323,36.7245796,"TEATRO CERVANTES"
"603",-100.3305816,25.6639171,"TEATRO CONVEX"
"604",-103.3447237,20.6770658,"TEATRO DEGOLLADO"
"605",-99.1372488,19.4366936,"TEATRO DE LA CIUDAD DE MEXICO"
"606",-100.309311,25.66895,"TEATRO DE LA CIUDAD DE MONTERREY"
"607",-100.275658,25.759295,"TEATRO DE LA CIUDAD SAN NICOLAS DE LOS GARZA"
"608",-99.1864276,19.3642778,"TEATRO DE LA COMEDIA WILBERTO CANTON"
"609",-99.1949022,19.4235222,"TEATRO DE LA DANZA"
"610",-99.1947208,19.3902548,"TEATRO DE LA JUVENTUD"
"611",-97.5045435,25.8811757,"TEATRO DE LA REFORMA"
"612",-100.3927767,20.5942961,"TEATRO DE LA REPUBLICA"
"613",-97.9773724,29.5842866,"TEATRO DE LAS ARTES"
"614",-100.419921,25.662837,"TEATRO DE LA UDEM"
"615",-115.485549,32.651277,"TEATRO DEL CENTRO DE LAS ARTES"
"616",-99.1807771,19.3631183,"TEATRO DEL CENTRO LIBANES"
"617",-102.2930413,21.866273,"TEATRO DEL IMSS AGUASCALIENTES"
"618",-90.537819,19.8393773,"TEATRO DEL IMSS CAMPECHE LIC IGNACIO GARCIA TELLEZ"
"619",-107.3905383,24.7961721,"TEATRO DEL IMSS CULIACAN OSCAR LIERA"
"620",-103.3504801,20.6616488,"TEATRO DEL IMSS GUADALAJARA"
"621",-98.228614,19.325766,"TEATRO DEL IMSS LEON LIC IGNACIO GARCIA"
"622",-89.6040668,20.9780684,"TEATRO DEL IMSS MERIDA DR JOAQUIN JIMENEZ"
"623",-101.2024322,19.7029727,"TEATRO DEL IMSS MORELIA STELLA INDA"
"624",-100.4053267,20.5810385,"TEATRO DEL IMSS QUERETARO"
"625",-117.009489,32.5148083,"TEATRO DEL IMSS TIJUANA"
"626",-99.6469299,19.2896294,"TEATRO DEL IMSS TOLUCA"
"627",-102.5788,22.775195,"TEATRO DEL IMSS ZACATECAS"
"628",-106.084611,28.6531728,"TEATRO DE LOS HEROES"
"629",-99.1824701,19.364163,"TEATRO DE LOS INSURGENTES"
"630",-99.2882889,19.3956637,"TEATRO DEL PARQUE INTERLOMAS"
"631",-104.8986445,21.5147068,"TEATRO DEL PUEBLO DE TEPIC"
"632",-103.3493567,20.6655003,"TEATRO DIANA"
"633",-72.938215,-41.4718667,"TEATRO DIEGO RIVERA"
"634",-99.1948176,19.4239927,"TEATRO EL GALEON"
"635",-99.1944864,19.4235829,"TEATRO EL GRANERO"
"636",-99.1503292,19.3512545,"TEATRO ENRIQUE LIZALDE"
"637",-103.3785171,20.7366888,"TEATRO ESTUDIO CAVARET"
"638",-101.6605338,21.1141219,"TEATRO ESTUDIO DEL TEATRO DEL BICENTENARIO"
"639",-106.4448202,31.7436374,"TEATRO EXPERIMENTAL"
"640",-102.5733681,22.7751717,"TEATRO FERNANDO CALDERON"
"641",-101.0000038,25.4336936,"TEATRO FERNANDO SOLER"
"642",-99.1501248,19.4526843,"TEATRO FERROCARRILERO"
"643",-96.1403723,19.2013443,"TEATRO FRANCISCO JAVIER CLAVIJERO"
"644",-99.1387117,19.4367425,"TEATRO FRU FRU"
"645",-103.4046578,20.6460328,"TEATRO GALERIAS"
"646",-99.1397472,19.440209,"TEATRO GARIBALDI"
"647",-99.2261221,19.5255114,"TEATRO GRAN RECINTO"
"648",-99.1416493,19.4366788,"TEATRO HIDALGO"
"649",-99.1846826,19.4065467,"TEATRO HIPODROMO CONDESA"
"650",-99.2105072,19.333392,"TEATRO INDEPENDENCIA"
"651",-99.1376675,19.4527154,"TEATRO ISABELA CORONA"
"652",-99.1520066,19.4357755,"TEATRO JIMENEZ RUEDA"
"653",-99.1634321,19.4347672,"TEATRO JORGE NEGRETE"
"654",-103.4303006,20.726026,"TEATRO JOSE PABLO MONCAYO"
"655",-101.2530434,21.0152553,"TEATRO JUAREZ"
"656",-99.1953071,19.4233983,"TEATRO JULIO CASTILLO"
"657",-99.1611828,19.3960324,"TEATRO JULIO PRIETO"
"658",-99.234133,19.4998385,"TEATRO LAS TORRES"
"659",-99.1986948,19.4527738,"TEATRO LEGARIA"
"660",-99.1802823,19.3637103,"TEATRO LIBANES"
"661",-99.1903811,19.3454184,"TEATRO LOPEZ TARSO"
"662",-96.7235381,17.0615736,"TEATRO MACEDONIO ALCALA"
"663",-99.1656094,19.4408144,"TEATRO MANOLO FABREGAS"
"664",-101.6800591,21.1229986,"TEATRO MANUEL DOBLADO"
"665",-101.6828297,21.1239113,"TEATRO MARIA GREVER"
"666",-99.604861,19.264094,"TEATRO METEPEC"
"667",-99.1468617,19.4334842,"TEATRO METROPOLITAN"
"668",-99.2076859,19.5090497,"TEATRO MEXICO"
"669",-99.1567287,19.4299776,"TEATRO MILAN"
"670",-102.2970497,21.8803011,"TEATRO MORELOS AGUASCALIENTES"
"671",-99.6591069,19.2921936,"TEATRO MORELOS TOLUCA"
"672",-103.4616692,25.539815,"TEATRO NAZAS"
"673",-99.4875567,27.4821981,"TEATRO NETZAHUALCOYOTL"
"674",-99.2882889,19.3956637,"TEATRO NEXTEL DEL PARQUE INTERLOMAS"
"675",-99.1648003,19.4243507,"TEATRO NH"
"676",-100.2990487,25.7315118,"TEATRO NOVA"
"677",-99.2353599,18.9224905,"TEATRO OCAMPO"
"678",-99.1828187,19.4371628,"TEATRO OFELIA"
"679",-99.1954078,19.4230706,"TEATRO ORIENTACION"
"680",-0.8793193,41.6518814,"TEATRO PRINCIPAL"
"681",-98.1923809,19.0446061,"TEATRO PRINCIPAL PUEBLA"
"682",-99.1631701,19.3442443,"TEATRO RAFAEL SOLANA"
"683",-99.1528345,19.3561354,"TEATRO RAMIRO JIMENEZ"
"684",-102.5783032,22.7570409,"TEATRO RAMON LOPEZ VELARDE"
"685",-101.4139848,26.943651,"TEATRO RAUL FLORES CANELO"
"686",-99.1655946,19.4410845,"TEATRO RENACIMIENTO"
"687",-99.2004162,19.303276,"TEATRO ROYAL PEDREGAL"
"688",-103.4532089,25.5302743,"TEATRO SALVADOR NOVO"
"689",-99.2395248,19.6352847,"TEATRO SAN BENITO ABAD"
"690",-99.2105072,19.333392,"TEATRO SAN JERONIMO INDEPENDENCIA"
"691",-99.1660174,19.4414985,"TEATRO SAN RAFAEL"
"692",-99.2750532,19.3595566,"TEATRO SANTA FE ZENTRIKA"
"693",-99.1607655,19.44575,"TEATRO SERGIO MAGAÑA"
"694",-99.1546549,19.4311971,"TEATRO SILVIA PINAL"
"695",-99.1864276,19.3642778,"TEATRO SOGEM WILBERTO CANTON"
"696",-99.2039566,19.4413467,"TEATRO TELCEL"
"697",-99.1213025,19.4734179,"TEATRO TEPEYAC"
"698",-75.6103518,6.2327471,"TEATRO UDEM"
"699",-100.2803985,25.6140762,"TEATRO UNIVERSITARIO MEDEROS"
"700",-105.231081,20.617141,"TEATRO VALLARTA"
"701",-99.1587364,19.434578,"TEATRO VENUSTIANO CARRANZA"
"702",-106.4449431,31.7436564,"TEATRO VICTOR HUGO RASCON BANDA"
"703",-102.3031861,21.876823,"TEATRO VICTOR SANDOVAL"
"704",-99.1655105,19.441348,"TEATRO VIRGINIA FABREGAS"
"705",-103.3828891,20.6785081,"TEATRO VIVIAN BLUMENTHAL"
"706",-99.2750532,19.3595566,"TEATRO ZENTRIKA SANTA FE"
"707",-99.1355819,19.2853955,"TECNOLOGICO DE MONTERREY CAMPUS CIUDAD DE MEXICO"
"708",-103.454912,20.7350077,"TECNOLOGICO DE MONTERREY CAMPUS GUADALAJARA"
"709",-99.1818607,19.3657931,"TELON DE ASFALTO"
"710",-98.1956787,19.0426507,"TEMPLO DE LA COMPAÑIA"
"711",-99.1322336,19.4359338,"TEMPLO DE LA ENSEÑANZA"
"712",-101.2572781,21.041155,"TEMPLO DE LA VALENCIANA"
"713",-99.1389415,19.4279059,"TEMPLO DE REGINA COELLI FCH"
"714",-96.7232421,17.0656987,"TEMPLO DE SANTO DOMINGO"
"715",-103.8339696,20.8750025,"TEQUILAS TEXCOCO"
"716",-71.525061,43.208323,"TEQUILLAS RODEO"
"717",NA,NA,"TERRAZA PALCO CUERNAVACA"
"718",NA,NA,"TICKET2RIDE"
"719",-99.244934,19.252127,"TOCHO AJUSCO"
"720",-103.3962155,20.6544094,"TRASLOMA"
"721",-99.7434744,19.2537752,"UNIDAD CULTURAL DEL SNTE"
"722",-99.229034,19.4753589,"UNIDAD DEPORTIVA CUAUHTEMOC"
"723",-87.0607088,20.6525134,"UNIDAD DEPORTIVA LUIS DONALDO COLOSIO"
"724",-98.3262723,19.0677312,"UNIDAD DEPORTIVA SAN PEDRO"
"725",-86.844339,21.061556,"UNIVERSIDAD ANAHUAC DEL SUR CANCUN"
"726",-99.1710412,19.4139188,"UN TEATRO"
"727",-99.2634594,19.507488,"UVM CAMPUS LOMAS VERDES"
"728",-100.3476843,25.6587678,"VALLE ORIENTE MONTERREY"
"729",-77.4359199,37.5424667,"VDMAS"
"730",-118.3618787,34.1520705,"VENDOME TOLUCA"
"731",-100.674012,20.909012,"VINICOLA TOYAN"
"732",-99.20533,19.546253,"VIU MEXICO BY AVALON"
"733",NA,NA,"VIVEXPRESS"
"734",-94.7406264,38.8832522,"VOGA"
"735",-99.203794,19.439386,"VOILA ACOUSTIQUE"
"736",-115.1959803,36.1253808,"VOLCANO CAFE"
"737",-74.1181971,42.0409247,"WOODSTOCK"
"738",NA,NA,"WOODSTOCK VALLE"
"739",-74.0133795,40.7127431,"WORLD TRADE CENTER"
"740",-99.2338831,19.4998234,"WORLD TRADE CENTER MEXIQUENSE"
"741",-96.1051342,19.1374963,"WORLD TRADE CENTER VERACRUZ"
"742",-80.1539461,26.1912009,"XTREME PARK"
"743",-99.1648496,19.4246075,"YOUKALI CABARET"
"744",-99.1370764,19.4340688,"ZINCO JAZZ CLUB"
"745",-88.5677826,20.6842849,"ZONA ARQUEOLOGICA DE CHICHEN ITZA"
"746",-98.3017913,19.0593986,"ZONA ARQUEOLOGICA DE CHOLULA"
"747",-95.1544813,38.0829429,"NA"
"748",-95.1544813,38.0829429,"NA"
"749",-95.1544813,38.0829429,"NA"
"750",-95.1544813,38.0829429,"NA"
"751",-95.1544813,38.0829429,"NA"
"752",-95.1544813,38.0829429,"NA"
"753",-95.1544813,38.0829429,"NA"
"754",-95.1544813,38.0829429,"NA"
"755",-95.1544813,38.0829429,"NA"
"756",-95.1544813,38.0829429,"NA"
"757",-95.1544813,38.0829429,"NA"
"758",-95.1544813,38.0829429,"NA"
"759",-95.1544813,38.0829429,"NA"
"760",-95.1544813,38.0829429,"NA"
"761",-95.1544813,38.0829429,"NA"
"762",-95.1544813,38.0829429,"NA"
"763",-95.1544813,38.0829429,"NA"
"764",-95.1544813,38.0829429,"NA"
"765",-95.1544813,38.0829429,"NA"
"766",-95.1544813,38.0829429,"NA"
"767",-95.1544813,38.0829429,"NA"
"768",-95.1544813,38.0829429,"NA"
"769",-95.1544813,38.0829429,"NA"
"770",-95.1544813,38.0829429,"NA"
"771",-95.1544813,38.0829429,"NA"
"772",-95.1544813,38.0829429,"NA"
"773",-95.1544813,38.0829429,"NA"
"774",-95.1544813,38.0829429,"NA"
"775",-95.1544813,38.0829429,"NA"
"776",-95.1544813,38.0829429,"NA"
"777",-95.1544813,38.0829429,"NA"
"778",-95.1544813,38.0829429,"NA"
"779",-95.1544813,38.0829429,"NA"
"780",-95.1544813,38.0829429,"NA"
"781",-95.1544813,38.0829429,"NA"
"782",-95.1544813,38.0829429,"NA"
"783",-95.1544813,38.0829429,"NA"
"784",-95.1544813,38.0829429,"NA"
"785",-95.1544813,38.0829429,"NA"
"786",-95.1544813,38.0829429,"NA"
"787",-95.1544813,38.0829429,"NA"
"788",-95.1544813,38.0829429,"NA"
"789",-95.1544813,38.0829429,"NA"
"790",-95.1544813,38.0829429,"NA"
"791",-95.1544813,38.0829429,"NA"
"792",-95.1544813,38.0829429,"NA"
"793",-95.1544813,38.0829429,"NA"
"794",-95.1544813,38.0829429,"NA"
"795",-95.1544813,38.0829429,"NA"
"796",-95.1544813,38.0829429,"NA"
"797",-95.1544813,38.0829429,"NA"
"798",-95.1544813,38.0829429,"NA"
"799",-95.1544813,38.0829429,"NA"
